project,period,commit_messages,pull_request_merged,issue_comment,commit_comments,issue_title,issue_closed,pull_request_title,pull_request_commit_comment,pull_request_commit
pycqa~astroid,20060426,1,0,0,0,0,0,0,0,0
pycqa~astroid,20060505,1,0,0,0,0,0,0,0,0
pycqa~astroid,20060509,1,0,0,0,0,0,0,0,0
pycqa~astroid,20060522,1,0,0,0,0,0,0,0,0
pycqa~astroid,20060527,1,0,0,0,0,0,0,0,0
pycqa~astroid,20060614,1,0,0,0,0,0,0,0,0
pycqa~astroid,20060731,1,0,0,0,0,0,0,0,0
pycqa~astroid,20060813,2,0,0,0,0,0,0,0,0
pycqa~astroid,20060825,2,0,0,0,0,0,0,0,0
pycqa~astroid,20060919,1,0,0,0,0,0,0,0,0
pycqa~astroid,20060920,2,0,0,0,0,0,0,0,0
pycqa~astroid,20060923,2,0,0,0,0,0,0,0,0
pycqa~astroid,20060924,1,0,0,0,0,0,0,0,0
pycqa~astroid,20060925,2,0,0,0,0,0,0,0,0
pycqa~astroid,20060926,2,0,0,0,0,0,0,0,0
pycqa~astroid,20061003,1,0,0,0,0,0,0,0,0
pycqa~astroid,20061106,2,0,0,0,0,0,0,0,0
pycqa~astroid,20061108,2,0,0,0,0,0,0,0,0
pycqa~astroid,20061109,1,0,0,0,0,0,0,0,0
pycqa~astroid,20061115,2,0,0,0,0,0,0,0,0
pycqa~astroid,20061121,3,0,0,0,0,0,0,0,0
pycqa~astroid,20061123,4,0,0,0,0,0,0,0,0
pycqa~astroid,20070215,2,0,0,0,0,0,0,0,0
pycqa~astroid,20070216,4,0,0,0,0,0,0,0,0
pycqa~astroid,20070218,3,0,0,0,0,0,0,0,0
pycqa~astroid,20070219,2,0,0,0,0,0,0,0,0
pycqa~astroid,20070222,3,0,0,0,0,0,0,0,0
pycqa~astroid,20070301,2,0,0,0,0,0,0,0,0
pycqa~astroid,20070302,6,0,0,0,0,0,0,0,0
pycqa~astroid,20070305,1,0,0,0,0,0,0,0,0
pycqa~astroid,20070307,3,0,0,0,0,0,0,0,0
pycqa~astroid,20070309,4,0,0,0,0,0,0,0,0
pycqa~astroid,20070412,1,0,0,0,0,0,0,0,0
pycqa~astroid,20070416,1,0,0,0,0,0,0,0,0
pycqa~astroid,20070503,1,0,0,0,0,0,0,0,0
pycqa~astroid,20070607,1,0,0,0,0,0,0,0,0
pycqa~astroid,20070713,1,0,0,0,0,0,0,0,0
pycqa~astroid,20070816,2,0,0,0,0,0,0,0,0
pycqa~astroid,20070817,1,0,0,0,0,0,0,0,0
pycqa~astroid,20080114,3,0,0,0,0,0,0,0,0
pycqa~astroid,20080207,4,0,0,0,0,0,0,0,0
pycqa~astroid,20080214,2,0,0,0,0,0,0,0,0
pycqa~astroid,20080329,1,0,0,0,0,0,0,0,0
pycqa~astroid,20080330,1,0,0,0,0,0,0,0,0
pycqa~astroid,20080331,1,0,0,0,0,0,0,0,0
pycqa~astroid,20080406,1,0,0,0,0,0,0,0,0
pycqa~astroid,20080513,4,0,0,0,0,0,0,0,0
pycqa~astroid,20080605,1,0,0,0,0,0,0,0,0
pycqa~astroid,20080613,1,0,0,0,0,0,0,0,0
pycqa~astroid,20080721,1,0,0,0,0,0,0,0,0
pycqa~astroid,20080723,3,0,0,0,0,0,0,0,0
pycqa~astroid,20080731,4,0,0,0,0,0,0,0,0
pycqa~astroid,20080805,1,0,0,0,0,0,0,0,0
pycqa~astroid,20080820,4,0,0,0,0,0,0,0,0
pycqa~astroid,20080825,1,0,0,0,0,0,0,0,0
pycqa~astroid,20080827,1,0,0,0,0,0,0,0,0
pycqa~astroid,20080901,1,0,0,0,0,0,0,0,0
pycqa~astroid,20080910,2,0,0,0,0,0,0,0,0
pycqa~astroid,20081001,1,0,0,0,0,0,0,0,0
pycqa~astroid,20081119,9,0,0,0,0,0,0,0,0
pycqa~astroid,20081120,2,0,0,0,0,0,0,0,0
pycqa~astroid,20081204,2,0,0,0,0,0,0,0,0
pycqa~astroid,20090107,4,0,0,0,0,0,0,0,0
pycqa~astroid,20090108,5,0,0,0,0,0,0,0,0
pycqa~astroid,20090112,1,0,0,0,0,0,0,0,0
pycqa~astroid,20090113,3,0,0,0,0,0,0,0,0
pycqa~astroid,20090116,1,0,0,0,0,0,0,0,0
pycqa~astroid,20090121,1,0,0,0,0,0,0,0,0
pycqa~astroid,20090126,6,0,0,0,0,0,0,0,0
pycqa~astroid,20090127,7,0,0,0,0,0,0,0,0
pycqa~astroid,20090128,8,0,0,0,0,0,0,0,0
pycqa~astroid,20090202,6,0,0,0,0,0,0,0,0
pycqa~astroid,20090203,10,0,0,0,0,0,0,0,0
pycqa~astroid,20090204,7,0,0,0,0,0,0,0,0
pycqa~astroid,20090205,6,0,0,0,0,0,0,0,0
pycqa~astroid,20090209,5,0,0,0,0,0,0,0,0
pycqa~astroid,20090211,1,0,0,0,0,0,0,0,0
pycqa~astroid,20090212,4,0,0,0,0,0,0,0,0
pycqa~astroid,20090216,2,0,0,0,0,0,0,0,0
pycqa~astroid,20090217,3,0,0,0,0,0,0,0,0
pycqa~astroid,20090218,5,0,0,0,0,0,0,0,0
pycqa~astroid,20090220,4,0,0,0,0,0,0,0,0
pycqa~astroid,20090223,8,0,0,0,0,0,0,0,0
pycqa~astroid,20090224,2,0,0,0,0,0,0,0,0
pycqa~astroid,20090225,7,0,0,0,0,0,0,0,0
pycqa~astroid,20090226,9,0,0,0,0,0,0,0,0
pycqa~astroid,20090302,4,0,0,0,0,0,0,0,0
pycqa~astroid,20090303,28,0,0,0,0,0,0,0,0
pycqa~astroid,20090304,17,0,0,0,0,0,0,0,0
pycqa~astroid,20090305,4,0,0,0,0,0,0,0,0
pycqa~astroid,20090306,21,0,0,0,0,0,0,0,0
pycqa~astroid,20090309,4,0,0,0,0,0,0,0,0
pycqa~astroid,20090310,5,0,0,0,0,0,0,0,0
pycqa~astroid,20090311,4,0,0,0,0,0,0,0,0
pycqa~astroid,20090312,5,0,0,0,0,0,0,0,0
pycqa~astroid,20090313,14,0,0,0,0,0,0,0,0
pycqa~astroid,20090317,30,0,0,0,0,0,0,0,0
pycqa~astroid,20090318,35,0,0,0,0,0,0,0,0
pycqa~astroid,20090319,21,0,0,0,0,0,0,0,0
pycqa~astroid,20090323,1,0,0,0,0,0,0,0,0
pycqa~astroid,20090324,18,0,0,0,0,0,0,0,0
pycqa~astroid,20090325,7,0,0,0,0,0,0,0,0
pycqa~astroid,20090408,3,0,0,0,0,0,0,0,0
pycqa~astroid,20090625,4,0,0,0,0,0,0,0,0
pycqa~astroid,20090702,2,0,0,0,0,0,0,0,0
pycqa~astroid,20090720,2,0,0,0,0,0,0,0,0
pycqa~astroid,20090729,1,0,0,0,0,0,0,0,0
pycqa~astroid,20090730,1,0,0,0,0,0,0,0,0
pycqa~astroid,20090826,14,0,0,0,0,0,0,0,0
pycqa~astroid,20090827,8,0,0,0,0,0,0,0,0
pycqa~astroid,20090902,6,0,0,0,0,0,0,0,0
pycqa~astroid,20090903,8,0,0,0,0,0,0,0,0
pycqa~astroid,20090907,11,0,0,0,0,0,0,0,0
pycqa~astroid,20090908,1,0,0,0,0,0,0,0,0
pycqa~astroid,20090910,2,0,0,0,0,0,0,0,0
pycqa~astroid,20090914,2,0,0,0,0,0,0,0,0
pycqa~astroid,20090915,5,0,0,0,0,0,0,0,0
pycqa~astroid,20091123,2,0,0,0,0,0,0,0,0
pycqa~astroid,20091125,23,0,0,0,0,0,0,0,0
pycqa~astroid,20091126,5,0,0,0,0,0,0,0,0
pycqa~astroid,20091130,1,0,0,0,0,0,0,0,0
pycqa~astroid,20091201,5,0,0,0,0,0,0,0,0
pycqa~astroid,20091203,1,0,0,0,0,0,0,0,0
pycqa~astroid,20091207,3,0,0,0,0,0,0,0,0
pycqa~astroid,20091214,2,0,0,0,0,0,0,0,0
pycqa~astroid,20091216,1,0,0,0,0,0,0,0,0
pycqa~astroid,20091217,6,0,0,0,0,0,0,0,0
pycqa~astroid,20091218,6,0,0,0,0,0,0,0,0
pycqa~astroid,20091221,2,0,0,0,0,0,0,0,0
pycqa~astroid,20100111,4,0,0,0,0,0,0,0,0
pycqa~astroid,20100112,1,0,0,0,0,0,0,0,0
pycqa~astroid,20100113,1,0,0,0,0,0,0,0,0
pycqa~astroid,20100114,5,0,0,0,0,0,0,0,0
pycqa~astroid,20100118,2,0,0,0,0,0,0,0,0
pycqa~astroid,20100120,3,0,0,0,0,0,0,0,0
pycqa~astroid,20100121,14,0,0,0,0,0,0,0,0
pycqa~astroid,20100125,2,0,0,0,0,0,0,0,0
pycqa~astroid,20100126,7,0,0,0,0,0,0,0,0
pycqa~astroid,20100127,2,0,0,0,0,0,0,0,0
pycqa~astroid,20100128,2,0,0,0,0,0,0,0,0
pycqa~astroid,20100201,2,0,0,0,0,0,0,0,0
pycqa~astroid,20100202,9,0,0,0,0,0,0,0,0
pycqa~astroid,20100203,4,0,0,0,0,0,0,0,0
pycqa~astroid,20100211,1,0,0,0,0,0,0,0,0
pycqa~astroid,20100215,1,0,0,0,0,0,0,0,0
pycqa~astroid,20100216,4,0,0,0,0,0,0,0,0
pycqa~astroid,20100217,5,0,0,0,0,0,0,0,0
pycqa~astroid,20100218,1,0,0,0,0,0,0,0,0
pycqa~astroid,20100222,1,0,0,0,0,0,0,0,0
pycqa~astroid,20100223,1,0,0,0,0,0,0,0,0
pycqa~astroid,20100224,11,0,0,0,0,0,0,0,0
pycqa~astroid,20100225,2,0,0,0,0,0,0,0,0
pycqa~astroid,20100303,4,0,0,0,0,0,0,0,0
pycqa~astroid,20100304,3,0,0,0,0,0,0,0,0
pycqa~astroid,20100315,4,0,0,0,0,0,0,0,0
pycqa~astroid,20100316,4,0,0,0,0,0,0,0,0
pycqa~astroid,20100317,8,0,0,0,0,0,0,0,0
pycqa~astroid,20100318,5,0,0,0,0,0,0,0,0
pycqa~astroid,20100322,7,0,0,0,0,0,0,0,0
pycqa~astroid,20100323,4,0,0,0,0,0,0,0,0
pycqa~astroid,20100324,5,0,0,0,0,0,0,0,0
pycqa~astroid,20100329,2,0,0,0,0,0,0,0,0
pycqa~astroid,20100408,2,0,0,0,0,0,0,0,0
pycqa~astroid,20100415,2,0,0,0,0,0,0,0,0
pycqa~astroid,20100416,1,0,0,0,0,0,0,0,0
pycqa~astroid,20100420,1,0,0,0,0,0,0,0,0
pycqa~astroid,20100421,2,0,0,0,0,0,0,0,0
pycqa~astroid,20100426,3,0,0,0,0,0,0,0,0
pycqa~astroid,20100428,2,0,0,0,0,0,0,0,0
pycqa~astroid,20100511,9,0,0,0,0,0,0,0,0
pycqa~astroid,20100614,1,0,0,0,0,0,0,0,0
pycqa~astroid,20100705,3,0,0,0,0,0,0,0,0
pycqa~astroid,20100713,1,0,0,0,0,0,0,0,0
pycqa~astroid,20100902,1,0,0,0,0,0,0,0,0
pycqa~astroid,20100910,5,0,0,0,0,0,0,0,0
pycqa~astroid,20100913,3,0,0,0,0,0,0,0,0
pycqa~astroid,20100921,1,0,0,0,0,0,0,0,0
pycqa~astroid,20100922,4,0,0,0,0,0,0,0,0
pycqa~astroid,20100928,5,0,0,0,0,0,0,0,0
pycqa~astroid,20101001,2,0,0,0,0,0,0,0,0
pycqa~astroid,20101005,2,0,0,0,0,0,0,0,0
pycqa~astroid,20101006,4,0,0,0,0,0,0,0,0
pycqa~astroid,20101007,11,0,0,0,0,0,0,0,0
pycqa~astroid,20101009,1,0,0,0,0,0,0,0,0
pycqa~astroid,20101011,10,0,0,0,0,0,0,0,0
pycqa~astroid,20101012,6,0,0,0,0,0,0,0,0
pycqa~astroid,20101013,13,0,0,0,0,0,0,0,0
pycqa~astroid,20101014,4,0,0,0,0,0,0,0,0
pycqa~astroid,20101018,5,0,0,0,0,0,0,0,0
pycqa~astroid,20101021,4,0,0,0,0,0,0,0,0
pycqa~astroid,20101025,1,0,0,0,0,0,0,0,0
pycqa~astroid,20101027,5,0,0,0,0,0,0,0,0
pycqa~astroid,20101028,9,0,0,0,0,0,0,0,0
pycqa~astroid,20101102,2,0,0,0,0,0,0,0,0
pycqa~astroid,20101109,1,0,0,0,0,0,0,0,0
pycqa~astroid,20101110,5,0,0,0,0,0,0,0,0
pycqa~astroid,20101115,5,0,0,0,0,0,0,0,0
pycqa~astroid,20101116,2,0,0,0,0,0,0,0,0
pycqa~astroid,20101117,1,0,0,0,0,0,0,0,0
pycqa~astroid,20101119,1,0,0,0,0,0,0,0,0
pycqa~astroid,20101122,5,0,0,0,0,0,0,0,0
pycqa~astroid,20101123,1,0,0,0,0,0,0,0,0
pycqa~astroid,20101124,1,0,0,0,0,0,0,0,0
pycqa~astroid,20101125,3,0,0,0,0,0,0,0,0
pycqa~astroid,20101129,2,0,0,0,0,0,0,0,0
pycqa~astroid,20101130,5,0,0,0,0,0,0,0,0
pycqa~astroid,20101201,9,0,0,0,0,0,0,0,0
pycqa~astroid,20101202,7,0,0,0,0,0,0,0,0
pycqa~astroid,20101206,1,0,0,0,0,0,0,0,0
pycqa~astroid,20101208,2,0,0,0,0,0,0,0,0
pycqa~astroid,20101209,3,0,0,0,0,0,0,0,0
pycqa~astroid,20101213,1,0,0,0,0,0,0,0,0
pycqa~astroid,20101214,6,0,0,0,0,0,0,0,0
pycqa~astroid,20101215,3,0,0,0,0,0,0,0,0
pycqa~astroid,20101216,1,0,0,0,0,0,0,0,0
pycqa~astroid,20110105,2,0,0,0,0,0,0,0,0
pycqa~astroid,20110106,1,0,0,0,0,0,0,0,0
pycqa~astroid,20110111,9,0,0,0,0,0,0,0,0
pycqa~astroid,20110113,3,0,0,0,0,0,0,0,0
pycqa~astroid,20110118,1,0,0,0,0,0,0,0,0
pycqa~astroid,20110616,1,0,0,0,0,0,0,0,0
pycqa~astroid,20110708,8,0,0,0,0,0,0,0,0
pycqa~astroid,20110711,1,0,0,0,0,0,0,0,0
pycqa~astroid,20110718,1,0,0,0,0,0,0,0,0
pycqa~astroid,20110720,3,0,0,0,0,0,0,0,0
pycqa~astroid,20110907,2,0,0,0,0,0,0,0,0
pycqa~astroid,20110916,2,0,0,0,0,0,0,0,0
pycqa~astroid,20110927,4,0,0,0,0,0,0,0,0
pycqa~astroid,20110929,2,0,0,0,0,0,0,0,0
pycqa~astroid,20111007,4,0,0,0,0,0,0,0,0
pycqa~astroid,20111020,1,0,0,0,0,0,0,0,0
pycqa~astroid,20111025,2,0,0,0,0,0,0,0,0
pycqa~astroid,20111122,1,0,0,0,0,0,0,0,0
pycqa~astroid,20111208,8,0,0,0,0,0,0,0,0
pycqa~astroid,20120119,1,0,0,0,0,0,0,0,0
pycqa~astroid,20120131,1,0,0,0,0,0,0,0,0
pycqa~astroid,20120214,1,0,0,0,0,0,0,0,0
pycqa~astroid,20120424,1,0,0,0,0,0,0,0,0
pycqa~astroid,20120716,2,0,0,0,0,0,0,0,0
pycqa~astroid,20120717,1,0,0,0,0,0,0,0,0
pycqa~astroid,20120718,5,0,0,0,0,0,0,0,0
pycqa~astroid,20120725,1,0,0,0,0,0,0,0,0
pycqa~astroid,20120731,1,0,0,0,0,0,0,0,0
pycqa~astroid,20120801,1,0,0,0,0,0,0,0,0
pycqa~astroid,20120829,1,0,0,0,0,0,0,0,0
pycqa~astroid,20120830,1,0,0,0,0,0,0,0,0
pycqa~astroid,20120920,1,0,0,0,0,0,0,0,0
pycqa~astroid,20121005,5,0,0,0,0,0,0,0,0
pycqa~astroid,20121023,2,0,0,0,0,0,0,0,0
pycqa~astroid,20121116,2,0,0,0,0,0,0,0,0
pycqa~astroid,20130222,3,0,0,0,0,0,0,0,0
pycqa~astroid,20130226,4,0,0,0,0,0,0,0,0
pycqa~astroid,20130227,3,0,0,0,0,0,0,0,0
pycqa~astroid,20130327,6,0,0,0,0,0,0,0,0
pycqa~astroid,20130328,7,0,0,0,0,0,0,0,0
pycqa~astroid,20130329,2,0,0,0,0,0,0,0,0
pycqa~astroid,20130411,2,0,0,0,0,0,0,0,0
pycqa~astroid,20130412,1,0,0,0,0,0,0,0,0
pycqa~astroid,20130416,1,0,0,0,0,0,0,0,0
pycqa~astroid,20130417,2,0,0,0,0,0,0,0,0
pycqa~astroid,20130425,2,0,0,0,0,0,0,0,0
pycqa~astroid,20130617,5,0,0,0,0,0,0,0,0
pycqa~astroid,20130618,11,0,0,0,0,0,0,0,0
pycqa~astroid,20130619,3,0,0,0,0,0,0,0,0
pycqa~astroid,20130620,3,0,0,0,0,0,0,0,0
pycqa~astroid,20130622,0,0,1,0,1,0,0,0,0
pycqa~astroid,20130626,1,0,0,0,0,0,0,0,0
pycqa~astroid,20130718,2,0,0,0,0,0,0,0,0
pycqa~astroid,20130724,8,0,0,0,0,0,0,0,0
pycqa~astroid,20130729,3,0,0,0,0,0,0,0,0
pycqa~astroid,20130730,2,0,0,0,0,0,0,0,0
pycqa~astroid,20130731,1,0,0,0,0,0,0,0,0
pycqa~astroid,20130805,1,0,0,0,0,0,0,0,0
pycqa~astroid,20130806,0,0,0,0,1,0,0,0,0
pycqa~astroid,20130807,0,0,1,0,1,0,0,0,0
pycqa~astroid,20130813,2,0,0,0,0,0,0,0,0
pycqa~astroid,20130814,4,0,0,0,1,0,0,0,0
pycqa~astroid,20130817,0,0,2,0,0,0,0,0,0
pycqa~astroid,20130820,0,0,1,0,0,0,0,0,0
pycqa~astroid,20130904,0,0,3,0,0,0,0,0,0
pycqa~astroid,20130905,0,0,2,0,1,0,0,0,0
pycqa~astroid,20131003,1,0,0,0,0,0,0,0,0
pycqa~astroid,20131004,2,0,0,0,0,0,0,0,0
pycqa~astroid,20131015,0,0,1,0,1,0,0,0,0
pycqa~astroid,20131018,6,0,7,0,1,0,0,0,0
pycqa~astroid,20131019,0,0,1,0,1,0,0,0,0
pycqa~astroid,20131024,2,0,0,0,0,0,0,0,0
pycqa~astroid,20131025,0,0,1,0,0,0,0,0,0
pycqa~astroid,20131028,0,0,3,0,0,0,0,0,0
pycqa~astroid,20131029,1,0,0,0,0,0,0,0,0
pycqa~astroid,20131103,3,0,0,0,0,0,0,0,0
pycqa~astroid,20131104,1,0,0,0,0,0,0,0,0
pycqa~astroid,20131105,3,0,0,0,0,0,0,0,0
pycqa~astroid,20131124,2,0,0,0,0,0,0,0,0
pycqa~astroid,20131125,3,0,0,0,0,0,0,0,0
pycqa~astroid,20131216,3,0,0,0,0,0,0,0,0
pycqa~astroid,20131218,6,0,0,0,1,0,0,0,0
pycqa~astroid,20131224,1,0,0,0,0,0,0,0,0
pycqa~astroid,20131227,1,0,0,0,0,0,0,0,0
pycqa~astroid,20140113,0,0,1,0,1,0,0,0,0
pycqa~astroid,20140114,0,0,2,0,1,0,0,0,0
pycqa~astroid,20140115,0,0,3,0,1,0,0,0,0
pycqa~astroid,20140116,3,0,2,0,0,0,0,0,0
pycqa~astroid,20140118,0,0,0,0,1,0,0,0,0
pycqa~astroid,20140121,1,0,0,0,0,0,0,0,0
pycqa~astroid,20140126,2,0,0,0,0,0,0,0,0
pycqa~astroid,20140127,2,0,0,0,0,0,0,0,0
pycqa~astroid,20140129,2,0,2,0,2,0,0,0,0
pycqa~astroid,20140201,1,0,2,0,0,0,0,0,0
pycqa~astroid,20140203,4,0,0,0,0,0,0,0,0
pycqa~astroid,20140211,0,0,1,0,1,0,0,0,0
pycqa~astroid,20140214,1,0,0,0,0,0,0,0,0
pycqa~astroid,20140216,0,0,0,0,1,0,0,0,0
pycqa~astroid,20140222,2,0,1,0,1,0,0,0,0
pycqa~astroid,20140228,0,0,0,0,1,0,0,0,0
pycqa~astroid,20140302,1,0,0,0,0,0,0,0,0
pycqa~astroid,20140303,0,0,0,0,1,0,0,0,0
pycqa~astroid,20140304,3,0,1,0,0,0,0,0,0
pycqa~astroid,20140308,2,0,0,0,0,0,0,0,0
pycqa~astroid,20140312,0,0,4,0,0,0,0,0,0
pycqa~astroid,20140318,0,0,0,0,1,0,0,0,0
pycqa~astroid,20140319,2,0,0,0,0,0,0,0,0
pycqa~astroid,20140321,4,0,0,0,0,0,0,0,0
pycqa~astroid,20140322,1,0,1,0,1,0,0,0,0
pycqa~astroid,20140324,1,0,4,0,1,0,0,0,0
pycqa~astroid,20140325,1,0,0,0,1,0,0,0,0
pycqa~astroid,20140326,1,0,0,0,0,0,0,0,0
pycqa~astroid,20140331,0,0,2,0,0,0,0,0,0
pycqa~astroid,20140402,4,0,0,0,0,0,0,0,0
pycqa~astroid,20140408,8,0,11,0,0,0,0,0,0
pycqa~astroid,20140409,0,0,1,0,0,0,0,0,0
pycqa~astroid,20140412,1,0,0,0,0,0,0,0,0
pycqa~astroid,20140413,2,0,0,0,0,0,0,0,0
pycqa~astroid,20140415,1,0,0,0,0,0,0,0,0
pycqa~astroid,20140417,1,0,0,0,0,0,0,0,0
pycqa~astroid,20140418,2,0,0,0,0,0,0,0,0
pycqa~astroid,20140421,0,0,2,0,1,0,0,0,0
pycqa~astroid,20140422,4,0,5,0,0,0,0,0,0
pycqa~astroid,20140423,2,0,4,0,1,0,0,0,0
pycqa~astroid,20140425,8,0,0,0,1,0,0,0,0
pycqa~astroid,20140426,1,0,0,0,0,0,0,0,0
pycqa~astroid,20140427,0,0,0,0,2,0,0,0,0
pycqa~astroid,20140429,3,0,0,0,0,0,0,0,0
pycqa~astroid,20140430,3,0,0,0,0,0,0,0,0
pycqa~astroid,20140502,0,0,0,0,1,0,0,0,0
pycqa~astroid,20140507,2,0,0,0,0,0,0,0,0
pycqa~astroid,20140521,1,0,0,0,0,0,0,0,0
pycqa~astroid,20140523,0,0,0,0,1,0,0,0,0
pycqa~astroid,20140525,0,0,0,0,1,0,0,0,0
pycqa~astroid,20140602,0,0,1,0,0,0,0,0,0
pycqa~astroid,20140603,1,0,0,0,0,0,0,0,0
pycqa~astroid,20140604,2,0,0,0,0,0,0,0,0
pycqa~astroid,20140606,0,0,0,0,1,0,0,0,0
pycqa~astroid,20140610,1,0,0,0,0,0,0,0,0
pycqa~astroid,20140611,0,0,0,0,1,0,0,0,0
pycqa~astroid,20140627,0,0,4,0,0,0,0,0,0
pycqa~astroid,20140630,3,0,1,0,0,0,0,0,0
pycqa~astroid,20140702,0,0,0,0,1,0,0,0,0
pycqa~astroid,20140703,4,0,0,0,0,0,0,0,0
pycqa~astroid,20140707,0,0,1,0,1,0,0,0,0
pycqa~astroid,20140713,2,0,1,0,0,0,0,0,0
pycqa~astroid,20140720,0,0,0,0,1,0,0,0,0
pycqa~astroid,20140723,2,0,0,0,0,0,0,0,0
pycqa~astroid,20140724,15,0,1,0,1,0,0,0,0
pycqa~astroid,20140725,16,0,2,0,3,0,0,0,0
pycqa~astroid,20140728,1,0,3,0,1,0,0,0,0
pycqa~astroid,20140729,1,0,2,0,1,0,0,0,0
pycqa~astroid,20140731,1,0,3,0,1,0,0,0,0
pycqa~astroid,20140801,0,0,5,0,1,0,0,0,0
pycqa~astroid,20140804,1,0,0,0,0,0,0,0,0
pycqa~astroid,20140805,0,0,0,0,1,0,0,0,0
pycqa~astroid,20140808,1,0,0,0,0,0,0,0,0
pycqa~astroid,20140811,1,0,0,0,0,0,0,0,0
pycqa~astroid,20140813,4,0,0,0,0,0,0,0,0
pycqa~astroid,20140818,0,0,1,0,0,0,0,0,0
pycqa~astroid,20140820,2,0,4,0,0,0,0,0,0
pycqa~astroid,20140822,3,0,2,0,0,0,0,0,0
pycqa~astroid,20140823,0,0,2,0,0,0,0,0,0
pycqa~astroid,20140824,3,0,1,0,0,0,0,0,0
pycqa~astroid,20140825,0,0,5,0,1,0,0,0,0
pycqa~astroid,20140826,1,0,0,0,0,0,0,0,0
pycqa~astroid,20140831,0,0,1,0,0,0,0,0,0
pycqa~astroid,20140902,1,0,0,0,0,0,0,0,0
pycqa~astroid,20140911,0,0,0,0,1,0,0,0,0
pycqa~astroid,20140913,1,0,1,0,1,0,0,0,0
pycqa~astroid,20140916,2,0,1,0,0,0,0,0,0
pycqa~astroid,20140929,1,0,0,0,0,0,0,0,0
pycqa~astroid,20141004,0,0,1,0,0,0,0,0,0
pycqa~astroid,20141008,0,0,1,0,0,0,0,0,0
pycqa~astroid,20141016,2,0,5,0,1,0,0,0,0
pycqa~astroid,20141020,2,0,0,0,0,0,0,0,0
pycqa~astroid,20141024,1,0,0,0,0,0,0,0,0
pycqa~astroid,20141026,1,0,0,0,0,0,0,0,0
pycqa~astroid,20141028,3,0,0,0,0,0,0,0,0
pycqa~astroid,20141030,2,0,4,0,2,0,0,0,0
pycqa~astroid,20141104,3,0,4,0,2,0,0,0,0
pycqa~astroid,20141106,1,0,1,0,0,0,0,0,0
pycqa~astroid,20141107,4,0,0,0,0,0,0,0,0
pycqa~astroid,20141108,10,0,0,0,0,0,0,0,0
pycqa~astroid,20141109,6,0,2,0,0,0,0,0,0
pycqa~astroid,20141112,1,0,0,0,0,0,0,0,0
pycqa~astroid,20141113,1,0,0,0,0,0,0,0,0
pycqa~astroid,20141114,2,0,0,0,0,0,0,0,0
pycqa~astroid,20141115,2,0,0,0,0,0,0,0,0
pycqa~astroid,20141116,9,0,0,0,0,0,0,0,0
pycqa~astroid,20141117,2,0,0,0,0,0,0,0,0
pycqa~astroid,20141118,4,0,0,0,0,0,0,0,0
pycqa~astroid,20141119,3,0,0,0,0,0,0,0,0
pycqa~astroid,20141120,6,0,0,0,0,0,0,0,0
pycqa~astroid,20141121,8,0,10,0,3,0,0,0,0
pycqa~astroid,20141122,8,0,12,0,1,0,0,0,0
pycqa~astroid,20141123,0,0,0,0,1,0,0,0,0
pycqa~astroid,20141124,0,0,0,0,1,0,0,0,0
pycqa~astroid,20141125,1,0,1,0,0,0,0,0,0
pycqa~astroid,20141127,1,0,0,0,0,0,0,0,0
pycqa~astroid,20141128,5,0,2,0,4,0,0,0,0
pycqa~astroid,20141202,1,0,0,0,0,0,0,0,0
pycqa~astroid,20141203,1,0,0,0,0,0,0,0,0
pycqa~astroid,20141204,8,0,1,0,0,0,0,0,0
pycqa~astroid,20141205,2,0,0,0,0,0,0,0,0
pycqa~astroid,20141207,0,0,0,0,1,0,0,0,0
pycqa~astroid,20141209,0,0,0,0,1,0,0,0,0
pycqa~astroid,20141211,1,0,0,0,2,0,0,0,0
pycqa~astroid,20141215,3,0,2,0,0,0,0,0,0
pycqa~astroid,20141217,2,0,0,0,0,0,0,0,0
pycqa~astroid,20141218,1,0,1,0,0,0,0,0,0
pycqa~astroid,20141220,0,0,1,0,1,0,0,0,0
pycqa~astroid,20141221,1,0,0,0,0,0,0,0,0
pycqa~astroid,20141227,0,0,0,0,1,0,0,0,0
pycqa~astroid,20141228,1,0,0,0,0,0,0,0,0
pycqa~astroid,20141229,1,0,0,0,0,0,0,0,0
pycqa~astroid,20150103,4,0,0,0,0,0,0,0,0
pycqa~astroid,20150107,1,0,0,0,1,0,0,0,0
pycqa~astroid,20150108,1,0,4,0,0,0,0,0,0
pycqa~astroid,20150110,9,0,0,0,0,0,0,0,0
pycqa~astroid,20150111,2,0,0,0,0,0,0,0,0
pycqa~astroid,20150112,0,0,0,0,1,0,0,0,0
pycqa~astroid,20150113,0,0,0,0,1,0,0,0,0
pycqa~astroid,20150115,2,0,0,0,1,0,0,0,0
pycqa~astroid,20150116,5,0,2,0,0,0,0,0,0
pycqa~astroid,20150118,3,0,3,0,1,0,0,0,0
pycqa~astroid,20150124,0,0,0,0,1,0,0,0,0
pycqa~astroid,20150126,3,0,1,0,0,0,0,0,0
pycqa~astroid,20150127,0,0,1,0,1,0,0,0,0
pycqa~astroid,20150128,4,0,0,0,0,0,0,0,0
pycqa~astroid,20150129,6,0,1,0,1,0,0,0,0
pycqa~astroid,20150201,0,0,0,0,1,0,0,0,0
pycqa~astroid,20150202,0,0,2,0,0,0,0,0,0
pycqa~astroid,20150206,0,0,2,0,0,0,0,0,0
pycqa~astroid,20150209,1,0,0,0,0,0,0,0,0
pycqa~astroid,20150214,1,0,0,0,0,0,0,0,0
pycqa~astroid,20150215,1,0,0,0,0,0,0,0,0
pycqa~astroid,20150219,0,0,1,0,1,0,0,0,0
pycqa~astroid,20150221,2,0,2,0,0,0,0,0,0
pycqa~astroid,20150225,0,0,0,0,1,0,0,0,0
pycqa~astroid,20150226,0,0,2,0,0,0,0,0,0
pycqa~astroid,20150311,4,0,0,0,0,0,0,0,0
pycqa~astroid,20150312,3,0,0,0,0,0,0,0,0
pycqa~astroid,20150313,0,0,4,0,1,0,0,0,0
pycqa~astroid,20150314,5,0,4,0,0,0,0,0,0
pycqa~astroid,20150315,1,0,0,0,0,0,0,0,0
pycqa~astroid,20150316,3,0,0,0,1,0,0,0,0
pycqa~astroid,20150317,1,0,0,0,0,0,0,0,0
pycqa~astroid,20150318,1,0,0,0,0,0,0,0,0
pycqa~astroid,20150320,0,0,0,0,1,0,0,0,0
pycqa~astroid,20150322,0,0,1,0,0,0,0,0,0
pycqa~astroid,20150323,0,0,1,0,0,0,0,0,0
pycqa~astroid,20150325,0,0,4,0,0,0,0,0,0
pycqa~astroid,20150326,0,0,2,0,0,0,0,0,0
pycqa~astroid,20150327,2,0,7,0,2,0,0,0,1
pycqa~astroid,20150328,4,0,1,0,0,0,0,0,1
pycqa~astroid,20150330,5,0,4,0,0,0,0,0,0
pycqa~astroid,20150331,3,0,1,0,0,0,0,0,1
pycqa~astroid,20150401,4,0,0,0,0,0,0,0,1
pycqa~astroid,20150402,2,0,0,0,0,0,0,0,2
pycqa~astroid,20150407,0,0,1,0,1,0,0,0,0
pycqa~astroid,20150413,1,0,0,0,0,0,0,0,1
pycqa~astroid,20150414,2,0,0,0,0,0,0,0,0
pycqa~astroid,20150416,0,0,1,0,8,0,0,0,0
pycqa~astroid,20150417,7,0,2,0,0,0,0,0,4
pycqa~astroid,20150418,5,0,1,0,0,0,0,0,5
pycqa~astroid,20150419,0,0,0,0,1,0,0,0,0
pycqa~astroid,20150423,1,0,0,0,0,0,0,0,1
pycqa~astroid,20150424,2,0,0,0,0,0,0,0,1
pycqa~astroid,20150426,4,0,0,0,0,0,0,0,3
pycqa~astroid,20150428,0,0,1,0,0,0,0,0,0
pycqa~astroid,20150429,1,0,8,0,0,0,0,0,1
pycqa~astroid,20150430,1,0,2,0,0,0,0,0,1
pycqa~astroid,20150501,2,0,0,0,0,0,0,0,2
pycqa~astroid,20150502,1,0,0,0,0,0,0,0,0
pycqa~astroid,20150503,2,0,1,0,0,0,0,0,2
pycqa~astroid,20150504,1,0,0,0,0,0,0,0,1
pycqa~astroid,20150505,2,0,0,0,0,0,0,0,1
pycqa~astroid,20150506,3,0,0,0,0,0,0,0,3
pycqa~astroid,20150507,2,0,0,0,0,0,0,0,2
pycqa~astroid,20150508,4,0,0,0,0,0,0,0,3
pycqa~astroid,20150509,8,0,0,0,0,0,0,0,3
pycqa~astroid,20150511,1,0,0,0,0,0,0,0,0
pycqa~astroid,20150513,3,0,0,0,0,0,0,0,1
pycqa~astroid,20150514,0,0,2,0,0,0,0,0,0
pycqa~astroid,20150519,7,0,0,0,0,0,0,0,1
pycqa~astroid,20150524,1,0,0,0,0,0,0,0,0
pycqa~astroid,20150528,3,0,1,0,0,0,0,0,2
pycqa~astroid,20150529,2,0,0,0,0,0,0,0,2
pycqa~astroid,20150601,1,0,0,0,0,0,0,0,1
pycqa~astroid,20150602,3,0,5,0,8,0,0,0,1
pycqa~astroid,20150603,0,0,3,0,2,0,0,0,0
pycqa~astroid,20150605,0,0,2,0,0,0,0,0,0
pycqa~astroid,20150606,5,0,1,0,0,0,0,0,0
pycqa~astroid,20150607,3,0,1,0,0,0,0,0,0
pycqa~astroid,20150609,5,0,0,0,0,0,0,0,1
pycqa~astroid,20150610,2,0,1,0,1,0,0,0,2
pycqa~astroid,20150611,2,0,2,0,0,0,0,0,0
pycqa~astroid,20150612,0,0,1,0,0,0,0,0,0
pycqa~astroid,20150613,2,0,0,0,0,0,0,0,0
pycqa~astroid,20150614,4,0,0,0,0,0,0,0,0
pycqa~astroid,20150615,1,0,0,0,0,0,0,0,1
pycqa~astroid,20150616,4,0,0,0,0,0,0,0,0
pycqa~astroid,20150617,6,0,1,0,0,0,0,0,1
pycqa~astroid,20150620,3,0,0,0,31,0,0,0,2
pycqa~astroid,20150621,3,0,0,0,0,0,0,0,1
pycqa~astroid,20150623,1,0,0,0,0,0,0,0,1
pycqa~astroid,20150624,3,0,0,0,0,0,0,0,0
pycqa~astroid,20150626,2,0,0,0,0,0,0,0,1
pycqa~astroid,20150627,3,0,0,0,0,0,0,0,0
pycqa~astroid,20150628,4,0,1,0,0,0,0,0,0
pycqa~astroid,20150629,1,0,0,0,0,0,0,0,0
pycqa~astroid,20150630,5,0,1,0,1,0,0,0,2
pycqa~astroid,20150701,11,0,2,0,0,0,0,0,4
pycqa~astroid,20150702,4,0,0,0,0,0,0,0,1
pycqa~astroid,20150703,4,0,2,0,15,0,0,0,2
pycqa~astroid,20150705,0,0,1,0,0,0,0,0,0
pycqa~astroid,20150706,2,0,0,0,1,0,0,0,2
pycqa~astroid,20150707,1,0,2,0,0,0,0,0,1
pycqa~astroid,20150708,4,0,0,0,0,0,0,0,2
pycqa~astroid,20150709,0,0,0,0,1,0,0,0,0
pycqa~astroid,20150710,3,0,5,0,1,0,0,0,0
pycqa~astroid,20150711,8,0,2,0,1,0,0,0,3
pycqa~astroid,20150712,1,0,0,0,0,0,0,0,0
pycqa~astroid,20150713,1,0,2,0,4,0,0,0,1
pycqa~astroid,20150714,4,0,1,0,0,0,0,0,0
pycqa~astroid,20150718,0,0,4,0,1,0,0,0,0
pycqa~astroid,20150722,1,0,0,0,0,0,0,0,1
pycqa~astroid,20150723,2,0,1,0,0,0,0,0,0
pycqa~astroid,20150725,21,0,2,0,2,0,0,0,13
pycqa~astroid,20150726,2,0,3,0,0,0,0,0,0
pycqa~astroid,20150727,0,0,2,0,0,0,0,0,5
pycqa~astroid,20150728,0,0,3,0,0,0,0,0,0
pycqa~astroid,20150729,0,0,0,0,1,0,0,0,0
pycqa~astroid,20150730,2,0,1,0,0,0,0,0,1
pycqa~astroid,20150731,0,0,6,0,0,0,0,0,0
pycqa~astroid,20150802,3,0,5,0,2,0,0,0,4
pycqa~astroid,20150804,2,0,1,0,0,0,0,0,0
pycqa~astroid,20150805,1,0,1,0,0,0,0,0,1
pycqa~astroid,20150806,6,0,0,0,0,0,0,0,4
pycqa~astroid,20150808,5,0,0,0,0,0,0,0,3
pycqa~astroid,20150810,1,0,9,0,0,0,0,0,0
pycqa~astroid,20150812,3,0,0,0,0,0,0,0,1
pycqa~astroid,20150813,0,0,2,0,0,0,0,0,0
pycqa~astroid,20150814,3,0,1,0,0,0,0,0,0
pycqa~astroid,20150815,2,0,1,0,1,0,0,0,0
pycqa~astroid,20150816,0,0,1,0,1,0,0,0,0
pycqa~astroid,20150817,0,0,2,0,0,0,0,0,0
pycqa~astroid,20150818,1,0,0,0,1,0,0,0,0
pycqa~astroid,20150820,3,0,7,0,7,0,0,0,1
pycqa~astroid,20150821,7,0,1,0,0,0,0,0,1
pycqa~astroid,20150822,5,0,0,0,1,0,0,0,1
pycqa~astroid,20150825,6,0,6,0,0,0,0,0,4
pycqa~astroid,20150826,10,0,7,0,0,0,0,0,6
pycqa~astroid,20150827,0,0,2,0,0,0,0,0,0
pycqa~astroid,20150828,1,0,0,0,0,0,0,0,0
pycqa~astroid,20150902,1,0,0,0,0,0,0,0,0
pycqa~astroid,20150903,0,0,0,0,1,0,0,0,0
pycqa~astroid,20150904,0,0,0,0,1,0,0,0,0
pycqa~astroid,20150905,1,0,8,0,1,0,0,0,1
pycqa~astroid,20150907,2,0,0,0,0,0,0,0,2
pycqa~astroid,20150908,1,0,2,0,0,0,0,0,1
pycqa~astroid,20150910,4,0,6,0,3,0,0,0,0
pycqa~astroid,20150911,0,0,0,0,1,0,0,0,0
pycqa~astroid,20150912,1,0,0,0,0,0,0,0,1
pycqa~astroid,20150913,2,0,0,0,0,0,0,0,0
pycqa~astroid,20150914,3,0,2,0,1,0,0,0,0
pycqa~astroid,20150918,3,0,4,0,1,0,0,0,0
pycqa~astroid,20150921,2,0,2,0,1,0,0,0,0
pycqa~astroid,20150922,1,0,1,0,1,0,0,0,0
pycqa~astroid,20150924,5,0,2,0,4,0,0,0,2
pycqa~astroid,20150925,0,0,2,0,0,0,0,0,0
pycqa~astroid,20150926,11,0,1,0,1,0,0,0,2
pycqa~astroid,20150927,1,0,3,0,1,0,0,0,1
pycqa~astroid,20150928,2,0,1,0,0,0,0,0,1
pycqa~astroid,20150929,1,0,3,0,7,0,0,0,1
pycqa~astroid,20150930,1,0,4,0,1,0,0,0,1
pycqa~astroid,20151001,0,0,2,0,0,0,0,0,0
pycqa~astroid,20151003,8,0,2,0,0,0,0,0,3
pycqa~astroid,20151004,0,0,2,0,2,0,0,0,0
pycqa~astroid,20151005,5,0,2,0,0,0,0,0,3
pycqa~astroid,20151006,1,0,4,0,1,0,0,0,1
pycqa~astroid,20151007,5,0,5,0,0,0,0,0,4
pycqa~astroid,20151009,2,0,0,0,0,0,0,0,1
pycqa~astroid,20151010,0,0,2,0,3,0,0,0,0
pycqa~astroid,20151011,5,0,0,0,1,0,0,0,0
pycqa~astroid,20151012,1,0,0,0,0,0,0,0,0
pycqa~astroid,20151014,0,0,1,0,2,0,0,0,0
pycqa~astroid,20151015,0,0,2,0,1,0,0,0,0
pycqa~astroid,20151016,1,0,0,0,0,0,0,0,0
pycqa~astroid,20151019,4,0,0,0,3,0,0,0,1
pycqa~astroid,20151020,0,0,4,0,3,0,0,0,0
pycqa~astroid,20151021,2,0,1,0,2,0,0,0,0
pycqa~astroid,20151022,7,0,0,0,0,0,0,0,1
pycqa~astroid,20151023,2,0,0,0,1,0,0,0,1
pycqa~astroid,20151024,2,0,1,0,0,0,0,0,1
pycqa~astroid,20151025,0,0,0,0,1,0,0,0,0
pycqa~astroid,20151026,4,0,14,0,4,0,0,0,2
pycqa~astroid,20151027,0,0,4,0,2,0,0,0,0
pycqa~astroid,20151028,1,0,7,0,3,0,0,0,1
pycqa~astroid,20151029,1,0,12,0,1,0,0,0,0
pycqa~astroid,20151030,3,0,6,0,4,0,0,0,1
pycqa~astroid,20151031,1,0,2,0,0,0,0,0,0
pycqa~astroid,20151101,0,0,1,0,2,0,0,0,0
pycqa~astroid,20151102,6,0,5,0,0,0,0,0,0
pycqa~astroid,20151103,2,0,27,0,2,0,0,0,0
pycqa~astroid,20151104,5,0,10,0,1,0,0,0,1
pycqa~astroid,20151105,0,0,5,0,5,0,0,0,0
pycqa~astroid,20151106,8,0,9,0,0,0,0,0,0
pycqa~astroid,20151107,1,0,3,0,0,0,0,0,0
pycqa~astroid,20151108,0,0,3,0,1,0,0,0,0
pycqa~astroid,20151109,1,0,3,0,0,0,0,0,1
pycqa~astroid,20151110,0,0,6,0,1,0,0,0,0
pycqa~astroid,20151111,0,0,12,0,6,0,0,0,0
pycqa~astroid,20151112,0,0,3,0,0,0,0,0,0
pycqa~astroid,20151114,0,0,16,0,1,0,0,0,4
pycqa~astroid,20151118,0,0,3,0,0,0,0,0,5
pycqa~astroid,20151119,0,0,5,0,2,0,0,0,4
pycqa~astroid,20151120,0,0,0,0,0,0,0,0,1
pycqa~astroid,20151121,0,0,7,0,0,0,0,0,3
pycqa~astroid,20151122,0,0,2,0,3,0,0,0,0
pycqa~astroid,20151123,2,0,6,0,2,0,0,0,1
pycqa~astroid,20151124,0,0,4,0,2,0,0,0,0
pycqa~astroid,20151125,0,0,5,0,0,0,0,0,0
pycqa~astroid,20151126,2,0,0,0,1,0,0,0,2
pycqa~astroid,20151127,0,0,1,0,0,0,0,0,0
pycqa~astroid,20151128,0,0,0,0,1,0,0,0,0
pycqa~astroid,20151129,1,0,5,0,3,0,0,0,12
pycqa~astroid,20151130,0,0,5,0,2,0,0,0,0
pycqa~astroid,20151201,2,0,17,0,2,0,0,0,1
pycqa~astroid,20151202,0,0,3,0,0,0,0,0,0
pycqa~astroid,20151203,2,0,4,0,3,0,0,0,0
pycqa~astroid,20151205,1,0,3,0,0,0,0,0,1
pycqa~astroid,20151206,3,0,0,0,0,0,0,0,0
pycqa~astroid,20151207,0,0,0,0,1,0,0,0,0
pycqa~astroid,20151208,1,0,2,0,0,0,0,0,1
pycqa~astroid,20151209,0,0,4,0,0,154,0,0,0
pycqa~astroid,20151210,3,1,2,0,1,1,1,0,3
pycqa~astroid,20151211,9,2,8,0,7,3,2,0,6
pycqa~astroid,20151212,0,0,1,0,7,0,0,0,0
pycqa~astroid,20151214,4,0,0,0,0,1,0,0,1
pycqa~astroid,20151215,6,0,3,0,1,0,1,0,6
pycqa~astroid,20151216,9,1,3,0,2,1,2,0,3
pycqa~astroid,20151217,2,1,1,0,0,1,0,1,0
pycqa~astroid,20151218,2,0,0,0,0,0,0,1,2
pycqa~astroid,20151219,1,0,0,0,1,0,1,0,2
pycqa~astroid,20151220,0,0,5,0,0,1,0,0,0
pycqa~astroid,20151221,4,1,4,5,1,3,0,0,5
pycqa~astroid,20151224,0,0,0,0,0,0,0,0,1
pycqa~astroid,20151229,0,0,2,0,1,1,0,0,0
pycqa~astroid,20151230,1,0,1,0,1,2,0,0,0
pycqa~astroid,20160102,0,0,0,0,0,2,0,0,0
pycqa~astroid,20160103,0,0,0,0,0,2,0,0,0
pycqa~astroid,20160104,0,0,4,0,0,2,0,0,0
pycqa~astroid,20160105,0,0,2,6,0,0,0,0,0
pycqa~astroid,20160106,0,0,1,1,0,0,0,0,0
pycqa~astroid,20160109,1,0,1,2,0,0,0,0,0
pycqa~astroid,20160110,0,0,2,0,0,1,0,0,0
pycqa~astroid,20160111,1,0,0,0,0,0,0,0,1
pycqa~astroid,20160113,0,0,0,0,1,0,0,0,0
pycqa~astroid,20160114,3,0,3,0,3,1,2,0,7
pycqa~astroid,20160115,2,1,10,2,3,4,1,0,4
pycqa~astroid,20160116,0,0,0,0,1,0,0,0,1
pycqa~astroid,20160118,0,0,0,0,1,0,0,0,1
pycqa~astroid,20160119,0,0,5,0,0,3,0,0,0
pycqa~astroid,20160123,0,0,1,0,1,0,0,0,0
pycqa~astroid,20160124,0,0,6,0,1,3,0,0,0
pycqa~astroid,20160125,0,0,8,1,0,2,0,0,0
pycqa~astroid,20160126,0,0,1,0,0,0,0,0,0
pycqa~astroid,20160128,0,0,4,0,0,1,0,0,0
pycqa~astroid,20160129,0,0,2,0,1,0,0,0,0
pycqa~astroid,20160130,0,0,3,0,0,0,0,0,0
pycqa~astroid,20160201,0,0,0,0,0,0,0,0,1
pycqa~astroid,20160202,0,0,1,0,0,0,0,0,0
pycqa~astroid,20160204,0,0,0,0,1,0,1,0,0
pycqa~astroid,20160205,0,0,2,0,0,1,0,0,0
pycqa~astroid,20160208,0,0,1,0,0,0,0,0,0
pycqa~astroid,20160209,0,0,3,0,1,0,0,0,0
pycqa~astroid,20160210,1,0,5,0,2,0,0,0,1
pycqa~astroid,20160211,0,0,8,0,0,1,0,4,6
pycqa~astroid,20160213,0,2,4,0,1,3,1,8,2
pycqa~astroid,20160214,0,0,0,0,1,0,1,0,0
pycqa~astroid,20160215,0,0,0,0,1,0,0,0,0
pycqa~astroid,20160216,1,0,3,0,1,1,0,0,3
pycqa~astroid,20160217,0,0,1,0,1,1,0,0,0
pycqa~astroid,20160218,1,0,10,0,0,7,0,0,1
pycqa~astroid,20160219,0,0,7,0,0,7,0,0,0
pycqa~astroid,20160220,0,0,1,0,0,1,0,0,0
pycqa~astroid,20160221,0,0,0,0,0,0,0,0,1
pycqa~astroid,20160223,0,1,6,9,0,1,0,0,0
pycqa~astroid,20160224,0,0,1,0,0,0,0,0,0
pycqa~astroid,20160225,0,0,1,0,0,0,0,0,0
pycqa~astroid,20160227,0,0,0,0,0,1,0,0,0
pycqa~astroid,20160301,0,0,4,0,0,2,0,0,0
pycqa~astroid,20160302,0,0,0,0,0,0,0,0,1
pycqa~astroid,20160303,1,0,1,0,0,1,0,0,0
pycqa~astroid,20160306,3,0,0,0,0,0,0,0,0
pycqa~astroid,20160308,0,0,0,0,0,0,0,0,3
pycqa~astroid,20160310,0,0,1,0,0,0,0,0,1
pycqa~astroid,20160311,1,0,3,0,1,0,0,0,2
pycqa~astroid,20160313,0,0,1,0,0,0,0,0,0
pycqa~astroid,20160318,0,0,2,0,0,1,0,0,0
pycqa~astroid,20160319,0,0,3,0,0,0,0,0,0
pycqa~astroid,20160321,0,0,0,0,0,0,0,0,2
pycqa~astroid,20160324,1,0,0,0,0,0,0,0,1
pycqa~astroid,20160325,0,0,1,0,1,0,0,0,0
pycqa~astroid,20160328,1,0,0,0,0,0,0,0,0
pycqa~astroid,20160329,0,0,5,0,1,0,1,0,1
pycqa~astroid,20160330,0,0,2,0,0,0,0,5,0
pycqa~astroid,20160331,0,0,1,0,0,0,0,4,1
pycqa~astroid,20160402,0,0,0,0,1,0,0,0,0
pycqa~astroid,20160403,0,0,2,0,0,1,0,0,0
pycqa~astroid,20160405,0,0,1,0,0,0,0,0,0
pycqa~astroid,20160407,0,0,3,0,0,0,0,0,2
pycqa~astroid,20160411,0,0,0,0,1,0,0,0,0
pycqa~astroid,20160412,0,0,1,0,0,1,0,0,0
pycqa~astroid,20160413,1,0,1,0,1,0,0,0,1
pycqa~astroid,20160415,0,0,2,0,1,0,0,0,0
pycqa~astroid,20160417,0,0,1,0,0,0,0,0,0
pycqa~astroid,20160418,0,0,3,0,1,0,0,0,0
pycqa~astroid,20160419,0,0,0,0,1,0,0,0,0
pycqa~astroid,20160425,1,0,1,0,1,1,0,0,0
pycqa~astroid,20160426,4,0,0,0,0,0,0,0,0
pycqa~astroid,20160427,1,0,0,0,1,0,1,0,1
pycqa~astroid,20160430,2,1,1,0,2,1,0,0,0
pycqa~astroid,20160505,0,0,0,0,1,0,0,0,0
pycqa~astroid,20160507,1,0,0,0,0,0,0,0,0
pycqa~astroid,20160508,5,0,0,0,0,0,0,0,0
pycqa~astroid,20160509,3,0,0,0,0,0,0,0,0
pycqa~astroid,20160510,1,0,0,0,0,0,0,0,0
pycqa~astroid,20160513,0,0,2,0,1,0,0,0,0
pycqa~astroid,20160516,1,0,0,0,0,0,0,0,0
pycqa~astroid,20160517,1,0,1,0,0,1,0,0,0
pycqa~astroid,20160520,1,0,0,0,0,0,0,0,1
pycqa~astroid,20160525,1,0,0,0,0,0,0,0,1
pycqa~astroid,20160531,2,0,1,0,1,0,0,0,0
pycqa~astroid,20160601,1,0,5,0,0,1,0,0,0
pycqa~astroid,20160602,1,0,0,0,1,0,1,0,1
pycqa~astroid,20160603,3,1,1,0,0,1,0,0,0
pycqa~astroid,20160604,1,0,0,0,1,0,0,0,0
pycqa~astroid,20160605,1,0,0,0,0,0,0,0,0
pycqa~astroid,20160606,0,0,0,0,0,0,0,0,1
pycqa~astroid,20160609,0,0,0,0,1,0,0,0,0
pycqa~astroid,20160610,0,0,0,0,1,0,0,0,0
pycqa~astroid,20160624,0,0,2,0,0,1,0,0,0
pycqa~astroid,20160627,3,0,6,0,0,7,0,0,1
pycqa~astroid,20160628,1,0,1,0,0,1,0,0,0
pycqa~astroid,20160629,4,0,5,0,1,2,0,0,0
pycqa~astroid,20160702,0,0,0,0,0,0,0,0,1
pycqa~astroid,20160707,3,0,0,0,1,0,0,0,1
pycqa~astroid,20160711,0,0,0,0,1,0,1,0,1
pycqa~astroid,20160714,0,0,0,0,2,0,0,0,0
pycqa~astroid,20160716,1,0,0,0,0,0,0,0,0
pycqa~astroid,20160718,0,0,0,0,1,0,0,0,0
pycqa~astroid,20160719,1,0,2,0,0,0,0,0,0
pycqa~astroid,20160720,0,0,1,0,0,0,0,0,0
pycqa~astroid,20160722,1,0,0,0,0,0,0,0,0
pycqa~astroid,20160723,2,1,2,0,4,1,2,2,3
pycqa~astroid,20160724,0,0,1,0,0,1,0,0,0
pycqa~astroid,20160725,0,0,0,0,1,0,0,0,0
pycqa~astroid,20160726,1,0,3,0,0,1,0,0,2
pycqa~astroid,20160728,1,0,0,0,2,0,0,0,0
pycqa~astroid,20160801,2,0,0,0,1,0,1,0,2
pycqa~astroid,20160819,0,0,1,0,0,0,0,0,0
pycqa~astroid,20160820,0,0,6,0,1,0,1,1,4
pycqa~astroid,20160822,3,1,7,0,2,1,1,0,2
pycqa~astroid,20160823,0,0,14,0,1,0,1,5,4
pycqa~astroid,20160824,8,0,2,0,0,1,0,9,1
pycqa~astroid,20160902,1,1,0,0,0,1,0,0,0
pycqa~astroid,20160913,0,0,0,0,1,0,0,0,0
pycqa~astroid,20160914,0,0,1,0,0,0,0,0,0
pycqa~astroid,20160920,0,0,0,0,1,0,0,0,0
pycqa~astroid,20160921,0,0,1,0,0,0,0,0,0
pycqa~astroid,20160925,0,0,3,0,0,2,0,0,0
pycqa~astroid,20160927,0,0,1,0,2,0,1,0,0
pycqa~astroid,20160928,0,0,1,0,0,0,0,1,0
pycqa~astroid,20161002,0,0,0,0,2,1,2,0,2
pycqa~astroid,20161004,0,0,0,0,1,0,0,0,0
pycqa~astroid,20161005,0,0,1,0,0,1,0,0,0
pycqa~astroid,20161009,0,0,0,0,1,0,0,0,0
pycqa~astroid,20161013,0,0,1,0,0,0,0,0,0
pycqa~astroid,20161014,0,0,1,0,0,0,0,0,0
pycqa~astroid,20161017,0,0,0,0,1,0,0,0,0
pycqa~astroid,20161024,2,1,2,0,1,3,1,0,4
pycqa~astroid,20161031,0,0,0,0,1,0,0,0,0
pycqa~astroid,20161101,4,0,1,0,0,1,0,0,0
pycqa~astroid,20161103,0,0,2,0,1,0,1,0,1
pycqa~astroid,20161106,0,0,0,0,1,0,1,0,0
pycqa~astroid,20161121,5,0,4,0,0,4,0,0,0
pycqa~astroid,20161130,1,0,0,0,0,0,0,0,1
pycqa~astroid,20161201,0,0,1,0,2,0,1,0,0
pycqa~astroid,20161202,0,0,1,0,0,0,0,0,0
pycqa~astroid,20161203,3,0,5,0,0,6,0,1,0
pycqa~astroid,20161206,0,0,0,0,1,0,0,0,0
pycqa~astroid,20161214,0,0,0,0,3,0,1,0,1
pycqa~astroid,20161215,0,0,2,0,1,0,0,0,0
pycqa~astroid,20161216,0,0,1,0,0,1,0,0,0
pycqa~astroid,20161218,4,1,4,0,1,3,1,0,1
pycqa~astroid,20161219,0,0,2,0,0,0,0,0,0
pycqa~astroid,20161221,0,0,1,0,0,0,0,0,0
pycqa~astroid,20161228,0,0,1,0,0,0,0,0,0
pycqa~astroid,20161229,0,0,5,0,1,0,1,2,2
pycqa~astroid,20161230,5,1,10,0,1,1,1,10,5
pycqa~astroid,20161231,1,1,0,0,0,1,0,6,0
pycqa~astroid,20170101,0,0,4,0,1,0,1,1,2
pycqa~astroid,20170102,0,0,5,0,0,0,0,0,0
pycqa~astroid,20170103,0,0,3,0,0,0,0,0,0
pycqa~astroid,20170104,1,0,4,0,1,0,1,1,1
pycqa~astroid,20170105,0,0,2,0,0,0,0,0,1
pycqa~astroid,20170110,0,0,3,0,1,0,1,0,2
pycqa~astroid,20170113,0,0,0,0,0,0,0,0,1
pycqa~astroid,20170114,0,0,0,0,0,0,0,0,1
pycqa~astroid,20170118,0,0,2,0,0,0,0,0,0
pycqa~astroid,20170122,4,2,2,0,0,4,0,0,0
pycqa~astroid,20170123,0,0,0,0,0,0,0,0,1
pycqa~astroid,20170124,0,0,7,0,2,0,2,0,1
pycqa~astroid,20170125,3,1,10,0,1,1,1,0,7
pycqa~astroid,20170126,0,0,3,0,2,0,1,0,8
pycqa~astroid,20170128,3,1,5,0,1,1,1,1,3
pycqa~astroid,20170129,0,0,1,0,1,0,0,0,0
pycqa~astroid,20170130,1,1,26,0,3,1,2,0,3
pycqa~astroid,20170131,0,0,7,0,0,0,0,0,0
pycqa~astroid,20170205,2,2,20,0,2,2,2,3,7
pycqa~astroid,20170207,0,0,29,0,2,0,1,8,11
pycqa~astroid,20170208,0,0,16,0,3,0,2,1,7
pycqa~astroid,20170209,2,2,4,0,1,5,1,10,6
pycqa~astroid,20170211,0,0,0,0,1,0,1,0,1
pycqa~astroid,20170213,0,0,1,0,0,0,0,4,0
pycqa~astroid,20170214,2,2,1,0,0,2,0,0,3
pycqa~astroid,20170217,0,0,0,0,0,0,0,2,0
pycqa~astroid,20170218,0,0,1,0,1,1,0,0,0
pycqa~astroid,20170219,0,0,1,0,0,1,0,3,0
pycqa~astroid,20170220,0,0,1,0,0,0,0,0,0
pycqa~astroid,20170228,0,0,2,0,3,0,3,0,5
pycqa~astroid,20170301,7,4,8,0,0,6,0,3,4
pycqa~astroid,20170305,0,0,1,0,0,0,0,0,0
pycqa~astroid,20170308,3,0,9,0,3,0,3,0,6
pycqa~astroid,20170310,2,0,1,0,1,0,1,0,2
pycqa~astroid,20170311,1,1,5,0,1,1,0,0,0
pycqa~astroid,20170312,3,0,1,0,1,1,1,0,0
pycqa~astroid,20170313,2,2,2,0,1,2,1,1,1
pycqa~astroid,20170314,1,0,0,0,0,0,0,1,0
pycqa~astroid,20170315,1,0,0,0,1,0,1,0,1
pycqa~astroid,20170316,0,0,5,0,0,0,0,0,0
pycqa~astroid,20170317,0,1,0,0,0,1,0,0,0
pycqa~astroid,20170319,0,0,0,0,0,0,0,0,1
pycqa~astroid,20170320,0,0,1,0,1,0,1,0,0
pycqa~astroid,20170323,0,0,1,0,0,0,0,0,0
pycqa~astroid,20170325,0,0,1,0,1,0,0,0,0
pycqa~astroid,20170327,0,0,3,0,0,0,0,0,2
pycqa~astroid,20170328,0,0,2,0,1,1,1,0,3
pycqa~astroid,20170402,3,3,4,0,0,5,0,2,7
pycqa~astroid,20170403,0,0,5,0,0,0,0,0,0
pycqa~astroid,20170404,0,0,1,0,0,0,0,0,1
pycqa~astroid,20170406,0,0,0,0,0,0,0,1,0
pycqa~astroid,20170412,1,0,0,0,0,0,0,0,0
pycqa~astroid,20170413,4,0,5,0,0,4,0,0,0
pycqa~astroid,20170414,1,0,0,0,1,0,0,0,0
pycqa~astroid,20170415,1,0,0,0,0,0,0,0,0
pycqa~astroid,20170417,3,0,0,0,0,0,0,0,0
pycqa~astroid,20170421,1,1,1,0,2,1,2,0,2
pycqa~astroid,20170423,0,0,0,4,0,0,0,0,0
pycqa~astroid,20170424,0,0,0,0,2,0,0,0,0
pycqa~astroid,20170426,0,0,2,0,1,1,0,0,0
pycqa~astroid,20170427,0,0,0,0,1,0,1,0,1
pycqa~astroid,20170428,0,0,0,0,1,0,0,0,0
pycqa~astroid,20170504,0,0,1,0,0,0,0,0,0
pycqa~astroid,20170510,0,0,3,0,1,0,1,0,1
pycqa~astroid,20170513,1,1,3,0,1,2,1,0,1
pycqa~astroid,20170514,1,1,1,0,3,1,3,0,7
pycqa~astroid,20170515,0,0,4,0,2,2,0,0,0
pycqa~astroid,20170518,0,0,0,0,1,0,1,0,1
pycqa~astroid,20170522,3,3,2,0,2,5,0,0,1
pycqa~astroid,20170526,0,0,0,0,1,0,0,0,0
pycqa~astroid,20170603,1,0,2,0,1,1,1,1,1
pycqa~astroid,20170604,0,0,0,0,1,0,1,0,1
pycqa~astroid,20170608,0,0,0,0,1,0,0,0,0
pycqa~astroid,20170609,1,1,0,0,0,1,0,0,0
pycqa~astroid,20170613,0,0,1,0,0,0,0,0,0
pycqa~astroid,20170614,0,0,1,0,0,0,0,0,0
pycqa~astroid,20170616,0,0,3,0,0,0,0,0,0
pycqa~astroid,20170619,0,0,1,0,0,0,0,0,0
pycqa~astroid,20170620,0,0,1,0,0,0,0,0,0
pycqa~astroid,20170703,0,0,0,0,1,0,1,0,1
pycqa~astroid,20170708,6,2,1,0,0,2,0,0,0
pycqa~astroid,20170719,3,0,0,0,0,0,0,0,0
pycqa~astroid,20170720,1,0,0,0,0,0,0,0,0
pycqa~astroid,20170721,2,0,0,0,0,0,0,0,0
pycqa~astroid,20170723,3,0,0,0,0,1,0,0,0
pycqa~astroid,20170724,1,0,1,0,1,2,0,0,0
pycqa~astroid,20170725,0,0,2,0,0,0,0,0,0
pycqa~astroid,20170726,0,0,1,0,0,0,0,0,0
pycqa~astroid,20170727,0,0,1,0,0,0,0,0,0
pycqa~astroid,20170805,0,0,0,0,1,0,0,0,0
pycqa~astroid,20170811,1,0,0,0,1,0,0,0,0
pycqa~astroid,20170812,1,0,1,0,1,1,0,0,0
pycqa~astroid,20170813,0,0,1,0,1,0,1,0,3
pycqa~astroid,20170814,0,0,0,0,0,0,0,5,0
pycqa~astroid,20170819,0,0,2,0,1,0,1,0,1
pycqa~astroid,20170831,0,0,0,0,1,0,0,0,0
pycqa~astroid,20170903,0,0,1,0,1,1,0,0,0
pycqa~astroid,20170921,3,1,2,0,0,2,0,0,0
pycqa~astroid,20170923,0,0,1,0,0,0,0,0,0
pycqa~astroid,20171008,0,0,0,0,1,0,1,0,2
pycqa~astroid,20171009,0,0,2,0,0,0,0,0,0
pycqa~astroid,20171012,8,2,7,2,3,4,2,2,2
pycqa~astroid,20171013,0,0,0,0,1,0,1,0,1
pycqa~astroid,20171014,0,0,1,0,1,0,0,0,0
pycqa~astroid,20171016,1,0,0,0,1,0,1,0,1
pycqa~astroid,20171018,0,0,1,0,1,1,0,0,0
pycqa~astroid,20171021,1,0,0,0,0,0,0,0,1
pycqa~astroid,20171026,0,0,0,0,1,0,1,0,1
pycqa~astroid,20171029,3,0,0,0,1,0,1,0,3
pycqa~astroid,20171030,1,0,0,0,1,0,1,0,1
pycqa~astroid,20171101,0,0,0,0,1,0,1,0,1
pycqa~astroid,20171102,2,1,1,0,0,1,0,6,2
pycqa~astroid,20171103,3,0,1,0,1,0,0,2,3
pycqa~astroid,20171104,0,0,1,0,0,0,0,0,0
pycqa~astroid,20171105,0,1,0,0,1,1,0,0,0
pycqa~astroid,20171108,0,0,1,0,0,0,0,0,0
pycqa~astroid,20171111,7,1,4,1,0,1,0,3,0
pycqa~astroid,20171113,0,0,1,0,0,0,0,0,0
pycqa~astroid,20171117,0,0,1,0,0,0,0,0,0
pycqa~astroid,20171119,0,0,1,0,0,0,0,0,0
pycqa~astroid,20171125,0,0,1,0,0,0,0,0,0
pycqa~astroid,20171127,0,0,0,0,2,0,0,0,0
pycqa~astroid,20171130,0,0,1,0,0,0,0,0,0
pycqa~astroid,20171201,1,0,0,0,1,0,1,0,1
pycqa~astroid,20171204,0,0,1,0,0,0,0,0,0
pycqa~astroid,20171211,1,1,5,0,1,1,0,5,1
pycqa~astroid,20171215,9,1,4,0,2,5,0,0,0
pycqa~astroid,20171218,0,0,1,0,0,0,0,0,0
pycqa~astroid,20171219,0,0,0,0,1,0,0,0,0
pycqa~astroid,20171220,0,0,0,0,1,0,0,0,0
pycqa~astroid,20171227,2,0,0,0,0,1,0,0,1
pycqa~astroid,20171228,0,0,2,0,2,0,1,2,0
pycqa~astroid,20171230,3,0,1,0,2,0,2,0,3
pycqa~astroid,20180101,0,2,0,0,0,2,0,0,0
pycqa~astroid,20180102,0,0,1,0,0,1,0,0,0
pycqa~astroid,20180103,1,1,1,0,0,1,0,0,1
pycqa~astroid,20180107,0,0,0,0,1,0,0,0,0
pycqa~astroid,20180112,0,0,1,0,0,1,0,0,0
